tracking_domain,consent_category,vendor_name,tracker_type,tracker_name,tracker_purpose,tracker_duration,3rd_party_sharing,first_found_at,party_type,vendor_description,modified,consent_category_new,tracker_purpose_[language code],vendor_description_[language code]
casalemedia.com,Targeted Advertising cookies (including social media),Index Exchange Inc.,HTTP Cookie,bench_new_T7_170939,,365,TRUE,https://www.CLIENT_X.com.vn/a-w/about/news/home,Existing CM Trackers-Found,,,,,
www.lighting.CLIENT_X.com.vn,Essential cookies,Signify (formerly CLIENT_X Lighting),HTTP Cookie,bench_new_T7_170953,,,,,Existing CM Trackers-Not Found,,,,,
www.CLIENT_X.com.vn,Essential cookies,CLIENT_X - Vietnam,HTTP Cookie,bench_new_T7_170992,,1,TRUE,https://www.CLIENT_X.com.vn/,Existing CM Trackers-Found,,,,,
www.gstatic.com,Performance cookies,Google Inc.,JavaScript,bench_new_T7_170900,,,TRUE,https://www.CLIENT_X.com.vn/content/B2C/vi_VN/support-home/support-contact-form.html/,Existing CM Trackers-Found,,,,,
www.lighting.CLIENT_X.com,Performance cookies,Signify (formerly CLIENT_X Lighting),JavaScript,bench_new_T7_170997,,,,,Existing CM Trackers-Not Found,,,,,
www.CLIENT_X.com.vn,Essential cookies,CLIENT_X - Vietnam,HTTP Cookie,bench_new_T7_171021,,,,,Existing CM Trackers-Not Found,,,,,
linkedin.com,Targeted Advertising cookies (including social media),LinkedIn,HTTP Cookie,_ga_failed_lookup_marker_69_6,,365,TRUE,https://www.CLIENT_X.com.vn/c-e/ho/air-education.html,Existing CM Trackers-Found,,,,,
beacon.speedcurve.com,Performance cookies,Speedcurve,Beacon,bench_new_T7_170931,,,,https://www.CLIENT_X.com.vn/c-m-so/cables-connectivity,New Third Party Trackers,,,,,
lighting.CLIENT_X.com.vn,Essential cookies,Signify (formerly CLIENT_X Lighting),HTTP Cookie,bench_new_T7_171029,,,,,Existing CM Trackers-Not Found,,,,,
lighting.CLIENT_X.com.vn,Essential cookies,Signify (formerly CLIENT_X Lighting),HTTP Cookie,bench_new_T7_170989,,,,,Existing CM Trackers-Not Found,,,,,
cdn.channelsight.com,Essential cookies,ChannelSight,ETag,bench_new_T7_170915,,,TRUE,https://www.CLIENT_X.com.vn/c-m-mo/bottle-warmers-sterilizers,Existing CM Trackers-Found,,,,,
CLIENT_X.com.vn,Essential cookies,CLIENT_X - Vietnam,HTTP Cookie,bench_new_T7_170979,,,,,Existing CM Trackers-Not Found,,,,,
linkedin.com,Targeted Advertising cookies (including social media),LinkedIn,HTTP Cookie,bench_new_T7_170933,,365,TRUE,https://www.CLIENT_X.com.vn/c-e/ho/air-education.html,Existing CM Trackers-Found,,,,,
google.com,Performance cookies,Google Inc.,Local Storage,bench_new_T7_171024,,,TRUE,https://www.CLIENT_X.com.vn/content/B2C/vi_VN/support-home/support-contact-form.html/,Existing CM Trackers-Found,,,,,
lighting.CLIENT_X.com.vn,Essential cookies,Signify (formerly CLIENT_X Lighting),HTTP Cookie,_ga_failed_lookup_marker_69_14,,,,,Existing CM Trackers-Not Found,,,,,
CLIENT_Xb2c.my.salesforce-scrt.com,Performance cookies,"Salesforce.com, Inc.",Beacon,bench_new_T7_170917,,,,https://www.CLIENT_X.com.vn/c-w/support-home/support-contact-page,New Third Party Trackers,,,,,
www.CLIENT_X.com.vn,Essential cookies,CLIENT_X - Vietnam,HTTP Cookie,bench_new_T7_171032,,365,TRUE,https://www.CLIENT_X.com.vn/,Existing CM Trackers-Found,,,,,
google.com,Performance cookies,Google Inc.,Local Storage,bench_new_T7_170972,,,TRUE,https://www.CLIENT_X.com.vn/content/B2C/vi_VN/support-home/support-contact-form.html/,Existing CM Trackers-Found,,,,,
koninklijkeCLIENT_Xnvproduction2k8xfrmr.org.coveo.com,Performance cookies,Coveo Solutions Inc.,Beacon,bench_new_T7_170937,,,,https://www.CLIENT_X.com.vn/a-w/about/news/all-news.html,New Third Party Trackers,,,,,
www.CLIENT_X.com.vn,Essential cookies,CLIENT_X - Vietnam,HTTP Cookie,bench_new_T7_170890,,1,,https://www.CLIENT_X.com.vn/,New First Party Trackers,,,,,
www.lighting.CLIENT_X.com.vn,Essential cookies,Signify (formerly CLIENT_X Lighting),JavaScript,bench_new_T7_171007,,,,,Existing CM Trackers-Not Found,,,,,
ad.doubleclick.net,Targeted Advertising cookies (including social media),Google Advertising Products,Beacon,bench_new_T7_171034,,,TRUE,http://www.CLIENT_X.com.vn/,Existing CM Trackers-Found,,,,,
CLIENT_X.com.vn,Essential cookies,CLIENT_X - Vietnam,HTTP Cookie,_ga_failed_lookup_marker_69_22,,,,,Existing CM Trackers-Not Found,,,,,
www.planguide.lighting.CLIENT_X.com,Performance Cookies [Requires consent],Signify (formerly CLIENT_X Lighting),JavaScript,-,,,,,Existing CM Trackers-Not Found,,,,,
lighting.CLIENT_X.com.vn,Essential cookies,Signify (formerly CLIENT_X Lighting),HTTP Cookie,_ga_failed_lookup_marker_69_24,,,,,Existing CM Trackers-Not Found,,,,,
CLIENT_X.com.vn,Essential cookies,CLIENT_X - Vietnam,HTTP Cookie,bench_new_T7_170920,,,,,Existing CM Trackers-Not Found,,,,,
doubleclick.net,Targeted Advertising cookies (including social media),Google Advertising Products,HTTP Cookie,bench_new_T7_170984,,0,TRUE,https://www.CLIENT_X.com.vn/,Existing CM Trackers-Found,,,,,
*.fls.doubleclick.net,Targeted Advertising cookies (including social media),Google Advertising Products,Beacon,bench_new_T7_170934,,,,,Existing CM Trackers-Not Found,,,,,
*.mktoweb.com,Targeted Advertising cookies (including social media),Marketo,ETag,bench_new_T7_170912,,,,,Existing CM Trackers-Not Found,,,,,
www.CLIENT_X.com.vn,Essential cookies,CLIENT_X - Vietnam,HTTP Cookie,bench_new_T7_170980,,365,TRUE,https://www.CLIENT_X.com.vn/,Existing CM Trackers-Found,,,,,
CLIENT_X.com.vn,Essential cookies,CLIENT_X - Vietnam,HTTP Cookie,bench_new_T7_170932,,365,,https://www.CLIENT_X.com.vn/,New First Party Trackers,,,,,
www.CLIENT_X.com.vn,Essential cookies,CLIENT_X - Vietnam,Beacon,bench_new_T7_170924,,,TRUE,https://www.CLIENT_X.com.vn/myCLIENT_X/login?resource=%252FmyCLIENT_X%252Fregister-product.html,Existing CM Trackers-Found,,,,,
consent.trustarc.com,Essential cookies,TrustArc,Beacon,bench_new_T7_170907,,,TRUE,http://www.CLIENT_X.com.vn/,Existing CM Trackers-Found,,,,,
usr.navdmp.com,Targeted Advertising Cookies (including social media) [Requires consent],Navegg,JavaScript,-,,bench_update_duration,TRUE,https://www.CLIENT_X.com.vn/,Existing CM Trackers-Found,,,,,
dev.CLIENT_X.com.vn,Performance cookies,CLIENT_X - Vietnam,HTTP Cookie,_ga_failed_lookup_marker_69_34,,,,,Existing CM Trackers-Not Found,,,,,
cdn.jsdelivr.net,Performance cookies,Volentio JSD Limited,ETag,bench_new_T7_170923,,,,,Existing CM Trackers-Not Found,,,,,
company-target.com,Targeted Advertising cookies (including social media),"Demandbase, Inc.",HTTP Cookie,bench_new_T7_170978,,396,TRUE,https://www.CLIENT_X.com.vn/a-w/about/news/home,Existing CM Trackers-Found,,,,,
assets.adobedtm.com,Performance cookies,Adobe Inc.,ETag,_ga_failed_lookup_marker_69_37,,,,,Existing CM Trackers-Not Found,,,,,
CLIENT_X.com.vn,Essential cookies,CLIENT_X - Vietnam,HTTP Cookie,bench_new_T7_170905,,,,,Existing CM Trackers-Not Found,,,,,
tracker-detail-page.trustarc.com,Essential cookies,TrustArc,JavaScript,bench_new_T7_170927,,,,https://www.CLIENT_X.com.vn/a-w/cookie-notice,New Third Party Trackers,,,,,
snap.licdn.com,Performance cookies,LinkedIn,JavaScript,bench_new_T7_171015,,,TRUE,https://www.CLIENT_X.com.vn/c-e/ho/air-education.html,Existing CM Trackers-Found,,,,,
c.amazon-adsystem.com,Targeted Advertising cookies (including social media),Amazon Ads,ETag,bench_new_T7_170981,,,,,Existing CM Trackers-Not Found,,,,,
CLIENT_Xb2c--dev2.sandbox.my.site.com,Performance cookies,"Salesforce.com, Inc.",JavaScript,bench_new_T7_170947,,,,,Existing CM Trackers-Not Found,,,,,
www.CLIENT_X.com,Essential cookies,Koninklijke CLIENT_X N.V.,ETag,_ga_failed_lookup_marker_69_43,,,TRUE,https://www.CLIENT_X.com.vn/healthcare/sites/lumify-handheld-ultrasound/lumify-academy,Existing CM Trackers-Found,,,,,
CLIENT_X.com.vn,Essential cookies,CLIENT_X - Vietnam,HTTP Cookie,bench_new_T7_171027,,session,TRUE,https://www.CLIENT_X.com.vn/,Existing CM Trackers-Found,,,,,
CLIENT_X.com.vn,Essential cookies,CLIENT_X - Vietnam,HTTP Cookie,bench_new_T7_170968,,,,,Existing CM Trackers-Not Found,,,,,
assets.adobedtm.com,Performance cookies,Adobe Inc.,JavaScript,_ga_failed_lookup_marker_69_46,,,,,Existing CM Trackers-Not Found,,,,,
CLIENT_X.com.vn,Essential cookies,CLIENT_X - Vietnam,HTTP Cookie,bench_new_T7_170956,,90,TRUE,https://www.CLIENT_X.com.vn/,Existing CM Trackers-Found,,,,,
youtube.com,Targeted Advertising cookies (including social media),Google Advertising Products,HTTP Cookie,bench_new_T7_170886,,session,TRUE,https://www.CLIENT_X.com.vn/c-m-mo/bottle-warmers-sterilizers,Existing CM Trackers-Found,,,,,
youtube.com,Targeted Advertising cookies (including social media),Google Advertising Products,HTTP Cookie,bench_new_T7_171006,,session,TRUE,https://www.CLIENT_X.com.vn/c-m-mo/bottle-warmers-sterilizers,Existing CM Trackers-Found,,,,,
consent-st.trustarc.com,Essential cookies,TrustArc,JavaScript,_ga_failed_lookup_marker_69_50,,,,,Existing CM Trackers-Not Found,,,,,
www.CLIENT_X.com,Performance cookies,,HTTP Cookie,_ga_failed_lookup_marker_69_51,,,,,Existing CM Trackers-Not Found,,,,,
consent-pref.trustarc.com,Essential cookies,TrustArc,JavaScript,bench_new_T7_170983,,,,,Existing CM Trackers-Not Found,,,,,
CLIENT_X.com.vn,Essential cookies,CLIENT_X - Vietnam,HTTP Cookie,bench_new_T7_171009,,,,,Existing CM Trackers-Not Found,,,,,
nebula-cdn.kampyle.com,Performance cookies,Medallia,ETag,bench_new_T7_170928,,,TRUE,http://www.CLIENT_X.com.vn/,Existing CM Trackers-Found,,,,,
CLIENT_X.com.vn,Essential cookies,CLIENT_X - Vietnam,HTTP Cookie,bench_new_T7_170975,,session,TRUE,https://www.CLIENT_X.com.vn/,Existing CM Trackers-Found,,,,,
youtube.com,Targeted Advertising cookies (including social media),Google Advertising Products,HTTP Cookie,bench_new_T7_170895,,180,TRUE,https://www.CLIENT_X.com.vn/c-m-mo/bottle-warmers-sterilizers,Existing CM Trackers-Found,,,,,
CLIENT_X.com.vn,Essential cookies,CLIENT_X - Vietnam,HTTP Cookie,bench_new_T7_170971,,session,TRUE,https://www.CLIENT_X.com.vn/,Existing CM Trackers-Found,,,,,
static.cloud.coveo.com,Targeted Advertising cookies (including social media),Coveo Solutions Inc.,ETag,bench_new_T7_170966,,,,,Existing CM Trackers-Not Found,,,,,
www.lampreplacementtool.CLIENT_X.com,Essential cookies,Koninklijke CLIENT_X N.V.,ETag,bench_new_T7_170908,,,,,Existing CM Trackers-Not Found,,,,,
CLIENT_X.com.vn,Targeted Advertising cookies (including social media),CLIENT_X - Vietnam,HTTP Cookie,bench_new_T7_171036,,7,TRUE,https://www.CLIENT_X.com.vn/,Existing CM Trackers-Found,,,,,
www.crsc.lighting.CLIENT_X.com,Performance cookies,Signify (formerly CLIENT_X Lighting),ETag,_ga_failed_lookup_marker_69_61,,,,,Existing CM Trackers-Not Found,,,,,
CLIENT_X.com.vn,Performance cookies,CLIENT_X - Vietnam,HTTP Cookie,bench_new_T7_170882,,,,,Existing CM Trackers-Not Found,,,,,
CLIENT_X.com.vn,Essential cookies,CLIENT_X - Vietnam,HTTP Cookie,bench_new_T7_170885,,,,,Existing CM Trackers-Not Found,,,,,
www.google.com,Targeted Advertising cookies (including social media),Google Inc.,Beacon,bench_new_T7_170921,,,TRUE,http://www.CLIENT_X.com.vn/,Existing CM Trackers-Found,,,,,
www.lighting.CLIENT_X.com.vn,Essential cookies,Signify (formerly CLIENT_X Lighting),JavaScript,bench_new_T7_171030,,,,,Existing CM Trackers-Not Found,,,,,
CLIENT_X.com,Essential cookies,Koninklijke CLIENT_X N.V.,HTTP Cookie,_ga_failed_lookup_marker_69_66,,,,,Existing CM Trackers-Not Found,,,,,
CLIENT_X.112.2o7.net,Performance cookies,"Adobe Audience Manager, Adobe Experience Cloud",Beacon,bench_new_T7_171035,,,TRUE,http://www.CLIENT_X.com.vn/,Existing CM Trackers-Found,,,,,
www.lighting.CLIENT_X.co.kr,Essential cookies (exempt from consent),Signify (formerly CLIENT_X Lighting),HTTP Cookie,customer_language_accept,,,,,Existing CM Trackers-Not Found,,,,,
www.CLIENT_X.nl,Essential cookies (exempt from consent),CLIENT_X - Netherlands,HTTP Cookie,RT,,bench_update_duration,TRUE,https://www.CLIENT_X.com.vn/,Existing CM Trackers-Found,,,,,
c.amazon-adsystem.com,Targeted Advertising cookies (including social media),Amazon Ads,JavaScript,bench_new_T7_171025,,,,,Existing CM Trackers-Not Found,,,,,
CLIENT_X.de,Essential cookies (exempt from consent),CLIENT_X - Germany,HTTP Cookie,s_tid,,bench_update_duration,TRUE,https://www.CLIENT_X.com.vn/healthcare/?FormType=MarketingInquiry,Existing CM Trackers-Found,,,,,
adservice.google.com,Targeted Advertising cookies (including social media),Google Advertising Products,Beacon,bench_new_T7_170884,,,TRUE,http://www.CLIENT_X.com.vn/,Existing CM Trackers-Found,,,,,
company-target.com,Targeted Advertising cookies (including social media),"Demandbase, Inc.",HTTP Cookie,bench_new_T7_171023,,396,TRUE,https://www.CLIENT_X.com.vn/a-w/about/news/home,Existing CM Trackers-Found,,,,,
www.lighting.CLIENT_X.com.vn,Essential cookies,Signify (formerly CLIENT_X Lighting),HTTP Cookie,bench_new_T7_170896,,,,,Existing CM Trackers-Not Found,,,,,
www.lighting.CLIENT_X.com.vn,Essential cookies,Signify (formerly CLIENT_X Lighting),HTTP Cookie,bench_new_T7_170987,,,,,Existing CM Trackers-Not Found,,,,,
*.cloudfront.net,Performance cookies,Amazon (Cloudfront),ETag,bench_new_T7_170938,,,,,Existing CM Trackers-Not Found,,,,,
tag.demandbase.com,Targeted Advertising cookies (including social media),"Demandbase, Inc.",JavaScript,bench_new_T7_170925,,,TRUE,https://www.CLIENT_X.com.vn/a-w/about/news/home,Existing CM Trackers-Found,,,,,
www.lighting.CLIENT_X.sa,Essential cookies (exempt from consent),Signify (formerly CLIENT_X Lighting),Beacon,blank (beacon),,,TRUE,http://www.CLIENT_X.com.vn/,Existing CM Trackers-Found,,,,,
CLIENT_X.com.vn,Essential cookies,CLIENT_X - Vietnam,HTTP Cookie,bench_new_T7_170952,,session,TRUE,https://www.CLIENT_X.com.vn/,Existing CM Trackers-Found,,,,,
stg.accounts.CLIENT_X.com,Targeted Advertising cookies (including social media),Koninklijke CLIENT_X N.V.,JavaScript,bench_new_T7_170993,,,,,Existing CM Trackers-Not Found,,,,,
www.googleadservices.com,Targeted Advertising cookies (including social media),Google Advertising Products,JavaScript,bench_new_T7_170957,,,,,Existing CM Trackers-Not Found,,,,,
dpm.demdex.net,Targeted Advertising cookies (including social media),"Adobe Audience Manager, Adobe Experience Cloud",Beacon,bench_new_T7_170976,,,,,Existing CM Trackers-Not Found,,,,,
region1.google-analytics.com,Performance cookies,Google Inc.,HTTP Cookie,bench_new_T7_170904,,,,,Existing CM Trackers-Not Found,,,,,
CLIENT_X.com.vn,Essential cookies,CLIENT_X - Vietnam,HTTP Cookie,_ga_failed_lookup_marker_69_84,,,,,Existing CM Trackers-Not Found,,,,,
www.lighting.CLIENT_X.com.vn,Essential cookies,Signify (formerly CLIENT_X Lighting),HTTP Cookie,bench_new_T7_170955,,,,,Existing CM Trackers-Not Found,,,,,
smetrics.marketing.lighting.CLIENT_X.com,Targeted Advertising cookies (including social media),Koninklijke CLIENT_X N.V.,JavaScript,_ga_failed_lookup_marker_69_86,,,,,Existing CM Trackers-Not Found,,,,,
maps.googleapis.com,Targeted Advertising cookies (including social media),Google Inc.,JavaScript,bench_new_T7_170881,,,TRUE,https://www.CLIENT_X.com.vn/c-m-au/store-locator,Existing CM Trackers-Found,,,,,
www.googletagmanager.com,Performance cookies,Google Inc.,JavaScript,bench_new_T7_170916,,,TRUE,http://www.CLIENT_X.com.vn/,Existing CM Trackers-Found,,,,,
CLIENT_X.com.vn,Performance cookies,CLIENT_X - Vietnam,HTTP Cookie,bench_new_T7_171020,,,,,Existing CM Trackers-Not Found,,,,,
dsum-sec.casalemedia.com,Targeted Advertising cookies (including social media),Index Exchange Inc.,Beacon,bench_new_T7_171010,,,,https://www.CLIENT_X.com.vn/a-w/about/news/home,New Third Party Trackers,,,,,
lighting.CLIENT_X.com.vn,Essential cookies,Signify (formerly CLIENT_X Lighting),HTTP Cookie,bench_new_T7_170887,,,,,Existing CM Trackers-Not Found,,,,,
CLIENT_X.com.vn,Essential cookies,CLIENT_X - Vietnam,HTTP Cookie,bench_new_T7_171031,,,,,Existing CM Trackers-Not Found,,,,,
CLIENT_X.com.vn,Essential cookies,CLIENT_X - Vietnam,HTTP Cookie,bench_new_T7_170999,,393,TRUE,https://www.CLIENT_X.com.vn/,Existing CM Trackers-Found,,,,,
pixel.rubiconproject.com,Targeted Advertising cookies (including social media),"Magnite, Inc.",Beacon,bench_new_T7_171037,,,TRUE,https://www.CLIENT_X.com.vn/a-w/about/news/home,Existing CM Trackers-Found,,,,,
CLIENT_X.com.vn,Essential cookies,CLIENT_X - Vietnam,HTTP Cookie,bench_new_T7_170959,,393,TRUE,https://www.CLIENT_X.com.vn/,Existing CM Trackers-Found,,,,,
dev.CLIENT_X.com.vn,Essential cookies,CLIENT_X - Vietnam,HTTP Cookie,bench_new_T7_170974,,,,,Existing CM Trackers-Not Found,,,,,
c.amazon-adsystem.com,Targeted Advertising cookies (including social media),Amazon Ads,ETag,bench_new_T7_171038,,,,,Existing CM Trackers-Not Found,,,,,
region1.google-analytics.com,Performance cookies,Google Inc.,HTTP Cookie,bench_new_T7_171033,,,,,Existing CM Trackers-Not Found,,,,,
beacon.speedcurve.com,Performance cookies,Speedcurve,Beacon,bench_new_T7_170902,,,,https://www.CLIENT_X.com.vn/c-m-so/cables-connectivity,New Third Party Trackers,,,,,
consent-pref.trustarc.com,Essential cookies,TrustArc,JavaScript,bench_new_T7_170910,,,,,Existing CM Trackers-Not Found,,,,,
CLIENT_X.com.vn,Essential cookies,CLIENT_X - Vietnam,HTTP Cookie,bench_new_T7_170883,,,,,Existing CM Trackers-Not Found,,,,,
widget-cdn.janraincapture.com,Performance cookies,Akamai,ETag,bench_new_T7_170935,,,TRUE,https://www.CLIENT_X.com.vn/myCLIENT_X/login?resource=%252FmyCLIENT_X%252Fregister-product.html,Existing CM Trackers-Found,,,,,
cdn.mouseflow.com,Performance cookies,Mouseflow,ETag,bench_new_T7_170906,,,,https://www.CLIENT_X.com.vn/c-m-pe/hair-removal,New Third Party Trackers,,,,,
snap.licdn.com,Performance cookies,LinkedIn,JavaScript,bench_new_T7_171028,,,TRUE,https://www.CLIENT_X.com.vn/c-e/ho/air-education.html,Existing CM Trackers-Found,,,,,
consent-pref.trustarc.com,Essential cookies,TrustArc,Local Storage,bench_new_T7_171019,,,,,Existing CM Trackers-Not Found,,,,,
CLIENT_X.com.vn,Essential cookies,CLIENT_X - Vietnam,HTTP Cookie,bench_new_T7_170892,,,,,Existing CM Trackers-Not Found,,,,,
lighting.CLIENT_X.com.vn,Essential cookies,Signify (formerly CLIENT_X Lighting),HTTP Cookie,bench_new_T7_171016,,,,,Existing CM Trackers-Not Found,,,,,
consent-pref.trustarc.com,Essential cookies,TrustArc,Local Storage,bench_new_T7_170891,,,,,Existing CM Trackers-Not Found,,,,,
cdn.mouseflow.com,Performance cookies,Mouseflow,JavaScript,bench_new_T7_170967,,,,https://www.CLIENT_X.com.vn/c-m-pe/hair-removal,New Third Party Trackers,,,,,
maps.googleapis.com,Targeted Advertising cookies (including social media),Google Inc.,ETag,_ga_failed_lookup_marker_69_110,,,TRUE,https://www.CLIENT_X.com.vn/c-m-au/store-locator,Existing CM Trackers-Found,,,,,
CLIENT_X.com.vn,Essential cookies,CLIENT_X - Vietnam,HTTP Cookie,bench_new_T7_171003,,,,,Existing CM Trackers-Not Found,,,,,
script.hotjar.com,Targeted Advertising cookies (including social media),Hotjar,JavaScript,bench_new_T7_171039,,,,,Existing CM Trackers-Not Found,,,,,
CLIENT_X.com.vn,Performance cookies,CLIENT_X - Vietnam,HTTP Cookie,bench_new_T7_170994,,0,TRUE,https://www.CLIENT_X.com.vn/,Existing CM Trackers-Found,,,,,
consent.trustarc.com,Essential cookies,TrustArc,Beacon,bench_new_T7_170942,,,TRUE,http://www.CLIENT_X.com.vn/,Existing CM Trackers-Found,,,,,
www.CLIENT_X.com.vn,Essential cookies,CLIENT_X - Vietnam,HTTP Cookie,_ga_failed_lookup_marker_69_115,,,,,Existing CM Trackers-Not Found,,,,,
dev.CLIENT_X.com.vn,Essential cookies,CLIENT_X - Vietnam,HTTP Cookie,bench_new_T7_170948,,,,,Existing CM Trackers-Not Found,,,,,
www.googleapis.com,Performance cookies,Google Inc.,JavaScript,bench_new_T7_170998,,,TRUE,https://www.CLIENT_X.com.vn/c-f/XC000021305/l%C3%A0m-c%C3%A1ch-n%C3%A0o-%C4%91%E1%BB%83-t%E1%BA%A9y-c%E1%BA%B7n-tr%C3%AAn-b%C3%A0n-%E1%BB%A7i-h%C6%A1i-n%C6%B0%E1%BB%9Bc-%C4%91%E1%BB%A9ng-CLIENT_Xgi%E1%BA%A3i-ph%C3%A1p-%E1%BB%A7i-%C4%91a-n%C4%83ng-CLIENT_X,Existing CM Trackers-Found,,,,,
CLIENT_X.com.ar,Essential cookies (exempt from consent),CLIENT_X - Argentina,HTTP Cookie,FPID,,729,TRUE,http://www.CLIENT_X.com.vn/,Existing CM Trackers-Found,,,,,
www.CLIENT_X.com.vn,Essential cookies,CLIENT_X - Vietnam,HTTP Cookie,bench_new_T7_170889,,,,,Existing CM Trackers-Not Found,,,,,
casalemedia.com,Targeted Advertising cookies (including social media),Index Exchange Inc.,HTTP Cookie,bench_new_T7_170950,,90,TRUE,https://www.CLIENT_X.com.vn/a-w/about/news/home,Existing CM Trackers-Found,,,,,
code.jquery.com,Performance cookies,jQuery,JavaScript,bench_new_T7_170963,,,,,Existing CM Trackers-Not Found,,,,,
lighting.CLIENT_X.ru,Essential cookies (exempt from consent),Signify (formerly CLIENT_X Lighting),HTTP Cookie,_mkto_trk,,,,,Existing CM Trackers-Not Found,,,,,
s3002.t.eloqua.com,Targeted Advertising Cookies (including social media) [Requires consent],Oracle Marketing,HTTP Cookie,culture,,bench_update_duration,TRUE,https://www.CLIENT_X.com.vn/,Existing CM Trackers-Found,,,,,
CLIENT_X.com.vn,Essential cookies,CLIENT_X - Vietnam,HTTP Cookie,bench_new_T7_170898,,0,TRUE,https://www.CLIENT_X.com.vn/,Existing CM Trackers-Found,,,,,
CLIENT_Xb2c.my.site.com,Performance cookies,"Salesforce.com, Inc.",Beacon,bench_new_T7_170922,,,TRUE,https://www.CLIENT_X.com.vn/c-w/support-home/support-contact-page.html,Existing CM Trackers-Found,,,,,
CLIENT_X.com.vn,Essential cookies,CLIENT_X - Vietnam,HTTP Cookie,bench_new_T7_170880,,,,,Existing CM Trackers-Not Found,,,,,
code.jquery.com,Performance cookies,jQuery,ETag,bench_new_T7_170943,,,,,Existing CM Trackers-Not Found,,,,,
CLIENT_X.lt,Essential cookies (exempt from consent),CLIENT_X - Lithuania,HTTP Cookie,s_ugv,,bench_update_duration,,,Existing CM Trackers-Not Found,,,,,
lighting.CLIENT_X.ee,Essential cookies (exempt from consent),Signify (formerly CLIENT_X Lighting),HTTP Cookie,_mkto_trk,,,,https://www.CLIENT_X.com.vn/healthcare/clinical-solutions/early-warning-scoring,New Third Party Trackers,,,,,
CLIENT_X.com.vn,Performance cookies,CLIENT_X - Vietnam,HTTP Cookie,bench_new_T7_170919,,,,,Existing CM Trackers-Not Found,,,,,
calculator.inbank.ee,Performance Cookies [Requires consent],Inbank,ETag,-,,bench_update_duration,,,Existing CM Trackers-Not Found,,,,,
CLIENT_X.com.vn,Essential cookies,CLIENT_X - Vietnam,HTTP Cookie,bench_new_T7_170996,,session,TRUE,https://www.CLIENT_X.com.vn/,Existing CM Trackers-Found,,,,,
tag-logger.demandbase.com,Targeted Advertising cookies (including social media),"Demandbase, Inc.",ETag,bench_new_T7_170985,,,,https://www.CLIENT_X.com.vn/healthcare/about/support,New Third Party Trackers,,,,,
www.lighting.CLIENT_X.com.vn,Essential cookies,Signify (formerly CLIENT_X Lighting),JavaScript,bench_new_T7_171008,,,,,Existing CM Trackers-Not Found,,,,,
CLIENT_X.com.vn,Essential cookies,CLIENT_X - Vietnam,HTTP Cookie,bench_new_T7_170913,,session,TRUE,https://www.CLIENT_X.com.vn/,Existing CM Trackers-Found,,,,,
beacon.speedcurve.com,Performance cookies,Speedcurve,Beacon,bench_new_T7_170995,,,,https://www.CLIENT_X.com.vn/c-m-so/cables-connectivity,New Third Party Trackers,,,,,
snap.licdn.com,Performance cookies,LinkedIn,JavaScript,bench_new_T7_170988,,,TRUE,https://www.CLIENT_X.com.vn/c-e/ho/air-education.html,Existing CM Trackers-Found,,,,,
region1.google-analytics.com,Performance cookies,Google Inc.,Beacon,bench_new_T7_170911,,,,,Existing CM Trackers-Not Found,,,,,
CLIENT_X.com.vn,Essential cookies,CLIENT_X - Vietnam,HTTP Cookie,bench_new_T7_170893,,session,TRUE,https://www.CLIENT_X.com.vn/,Existing CM Trackers-Found,,,,,
tremorhub.com,Targeted Advertising cookies (including social media),"Magnite CTV, Inc.",HTTP Cookie,bench_new_T7_171002,,400,TRUE,https://www.CLIENT_X.com.vn/a-w/about/news/home,Existing CM Trackers-Found,,,,,
pages.information.signify.com,Performance cookies,Signify (formerly CLIENT_X Lighting),Local Storage,bench_new_T7_170949,,,,,Existing CM Trackers-Not Found,,,,,
CLIENT_X.com.vn,Essential cookies,CLIENT_X - Vietnam,HTTP Cookie,_ga_failed_lookup_marker_69_142,,,,https://www.CLIENT_X.com.vn/,Existing CM Trackers-Found,,,,,
dev.CLIENT_X.com.vn,Performance cookies,CLIENT_X - Vietnam,HTTP Cookie,bench_new_T7_171014,,,,,Existing CM Trackers-Not Found,,,,,
www.usa.CLIENT_X.com,Essential cookies (exempt from consent),Koninklijke CLIENT_X N.V.,HTTP Cookie,kampyleUserSession,,,TRUE,https://www.CLIENT_X.com.vn/a-w/about/news/home,Existing CM Trackers-Found,,,,,
connect.facebook.net,Targeted Advertising cookies (including social media),Meta (formerly Facebook),JavaScript,bench_new_T7_170918,,,TRUE,http://www.CLIENT_X.com.vn/,Existing CM Trackers-Found,,,,,
www.lighting.CLIENT_X.com.gh,Essential cookies (exempt from consent),Signify (formerly CLIENT_X Lighting),HTTP Cookie,ltc_cf,,,,,Existing CM Trackers-Not Found,,,,,
www.CLIENT_X.ae,Essential cookies (exempt from consent),CLIENT_X - Middle East Arab,HTTP Cookie,kampylePageLoadedTimestamp,,bench_update_duration,TRUE,https://www.CLIENT_X.com.vn/,Existing CM Trackers-Found,,,,,
snapchat.com,Targeted Advertising cookies (including social media),Snap Inc.,HTTP Cookie,bench_new_T7_171013,,390,TRUE,https://www.CLIENT_X.com.vn/c-e/ho/air-education.html,Existing CM Trackers-Found,,,,,
stg.static.accounts.CLIENT_X.com,Targeted Advertising cookies (including social media),Koninklijke CLIENT_X N.V.,JavaScript,bench_new_T7_170929,,,,,Existing CM Trackers-Not Found,,,,,
www.gearselectiontool.lighting.CLIENT_X.com,Performance cookies,Signify (formerly CLIENT_X Lighting),JavaScript,bench_new_T7_170954,,,,,Existing CM Trackers-Not Found,,,,,
googleads.g.doubleclick.net,Targeted Advertising cookies (including social media),Google Advertising Products,Beacon,bench_new_T7_170969,,,TRUE,http://www.CLIENT_X.com.vn/,Existing CM Trackers-Found,,,,,
www.CLIENT_X.hr,Essential cookies (exempt from consent),CLIENT_X - Croatia,HTTP Cookie,p-gc35,,bench_update_duration,,,Existing CM Trackers-Not Found,,,,,
consent-pref.trustarc.com,Essential cookies,TrustArc,JavaScript,bench_new_T7_171012,,,,,Existing CM Trackers-Not Found,,,,,
CLIENT_X.pl,Essential cookies (exempt from consent),CLIENT_X - Poland,HTTP Cookie,test,,bench_update_duration,,,Existing CM Trackers-Not Found,,,,,
youtube.com,Targeted Advertising cookies (including social media),Google Advertising Products,HTTP Cookie,bench_new_T7_171017,,180,,https://www.CLIENT_X.com.vn/c-m-mo/bottle-warmers-sterilizers,New Third Party Trackers,,,,,
tr.snapchat.com,Targeted Advertising cookies (including social media),Snap Inc.,JavaScript,bench_new_T7_171022,,,TRUE,https://www.CLIENT_X.com.vn/c-e/ho/air-purifier-and-air-humidifier/professional-air-quality-solutions.html,Existing CM Trackers-Found,,,,,
www.CLIENT_X.com.vn,Essential cookies,CLIENT_X - Vietnam,HTTP Cookie,bench_new_T7_170973,,1,,https://www.CLIENT_X.com.vn/,New First Party Trackers,,,,,
www.googleadservices.com,Targeted Advertising cookies (including social media),Google Advertising Products,JavaScript,bench_new_T7_171001,,,,,Existing CM Trackers-Not Found,,,,,
*.cloudfront.net,Performance cookies,Amazon (Cloudfront),ETag,bench_new_T7_170903,,,,,Existing CM Trackers-Not Found,,,,,
casalemedia.com,Targeted Advertising cookies (including social media),Index Exchange Inc.,HTTP Cookie,bench_new_T7_170977,,90,TRUE,https://www.CLIENT_X.com.vn/a-w/about/news/home,Existing CM Trackers-Found,,,,,
youtube.com,Targeted Advertising cookies (including social media),Google Advertising Products,HTTP Cookie,bench_new_T7_170991,,session,TRUE,https://www.CLIENT_X.com.vn/c-m-mo/bottle-warmers-sterilizers,Existing CM Trackers-Found,,,,,
dev.CLIENT_X.com.vn,Performance cookies,CLIENT_X - Vietnam,HTTP Cookie,bench_new_T7_170888,,,,,Existing CM Trackers-Not Found,,,,,
www.gstatic.com,Performance cookies,Google Inc.,JavaScript,bench_new_T7_170982,,,TRUE,https://www.CLIENT_X.com.vn/content/B2C/vi_VN/support-home/support-contact-form.html/,Existing CM Trackers-Found,,,,,
www.google.com,Targeted Advertising cookies (including social media),Google Inc.,Beacon,bench_new_T7_170990,,,TRUE,http://www.CLIENT_X.com.vn/,Existing CM Trackers-Found,,,,,
cdn.mouseflow.com,Performance cookies,Mouseflow,ETag,bench_new_T7_170936,,,,https://www.CLIENT_X.com.vn/c-m-pe/hair-removal,New Third Party Trackers,,,,,
www.CLIENT_X.com.vn,Essential cookies,CLIENT_X - Vietnam,HTTP Cookie,bench_new_T7_170958,,0,,https://www.CLIENT_X.com.vn/,New First Party Trackers,,,,,
www.CLIENT_X.com.vn,Essential cookies,CLIENT_X - Vietnam,HTTP Cookie,bench_new_T7_170960,,6,,https://www.CLIENT_X.com.vn/,New First Party Trackers,,,,,
CLIENT_X.com.vn,Essential cookies,CLIENT_X - Vietnam,HTTP Cookie,bench_new_T7_170951,,,,,Existing CM Trackers-Not Found,,,,,
eloqua.com,Targeted Advertising cookies (including social media),Oracle Marketing,HTTP Cookie,bench_new_T7_170897,,392,TRUE,https://www.CLIENT_X.com.vn/healthcare/about/distributors,Existing CM Trackers-Found,,,,,
CLIENT_X.com.vn,Essential cookies,CLIENT_X - Vietnam,HTTP Cookie,bench_new_T7_170926,,,,,Existing CM Trackers-Not Found,,,,,
www.google.com,Targeted Advertising cookies (including social media),Google Inc.,JavaScript,bench_new_T7_171026,,,TRUE,https://www.CLIENT_X.com.vn/healthcare/?FormType=MarketingInquiry,Existing CM Trackers-Found,,,,,
lighting.CLIENT_X.com.vn,Essential cookies,Signify (formerly CLIENT_X Lighting),Local Storage,bench_new_T7_170961,,,,,Existing CM Trackers-Not Found,,,,,
linkedin.com,Targeted Advertising cookies (including social media),LinkedIn,HTTP Cookie,bench_new_T7_170962,,180,TRUE,https://www.CLIENT_X.com.vn/c-e/ho/air-education.html,Existing CM Trackers-Found,,,,,
lighting.CLIENT_X.com.vn,Essential cookies,Signify (formerly CLIENT_X Lighting),HTTP Cookie,_ga_failed_lookup_marker_69_174,,,,,Existing CM Trackers-Not Found,,,,,
CLIENT_X.com.vn,Targeted Advertising cookies (including social media),CLIENT_X - Vietnam,HTTP Cookie,bench_new_T7_170970,,,,,Existing CM Trackers-Not Found,,,,,
www.lighting.CLIENT_X.com,Performance cookies,Signify (formerly CLIENT_X Lighting),JavaScript,bench_new_T7_170944,,,,,Existing CM Trackers-Not Found,,,,,
lighting.CLIENT_X.com.vn,Essential cookies,Signify (formerly CLIENT_X Lighting),HTTP Cookie,bench_new_T7_171004,,,,,Existing CM Trackers-Not Found,,,,,
*.mktoweb.com,Targeted Advertising cookies (including social media),Marketo,JavaScript,bench_new_T7_171011,,,,,Existing CM Trackers-Not Found,,,,,
www.gstatic.com,Performance cookies,Google Inc.,JavaScript,bench_new_T7_171018,,,TRUE,https://www.CLIENT_X.com.vn/content/B2C/vi_VN/support-home/support-contact-form.html/,Existing CM Trackers-Found,,,,,
doubleclick.net,Targeted Advertising cookies (including social media),Google Advertising Products,HTTP Cookie,bench_new_T7_171005,,0,TRUE,https://www.CLIENT_X.com.vn/,Existing CM Trackers-Found,,,,,
i.ytimg.com,Targeted Advertising cookies (including social media),Google Inc.,ETag,bench_new_T7_171000,,,TRUE,https://www.CLIENT_X.com.vn/c-f/XC000021305/l%C3%A0m-c%C3%A1ch-n%C3%A0o-%C4%91%E1%BB%83-t%E1%BA%A9y-c%E1%BA%B7n-tr%C3%AAn-b%C3%A0n-%E1%BB%A7i-h%C6%A1i-n%C6%B0%E1%BB%9Bc-%C4%91%E1%BB%A9ng-CLIENT_Xgi%E1%BA%A3i-ph%C3%A1p-%E1%BB%A7i-%C4%91a-n%C4%83ng-CLIENT_X,Existing CM Trackers-Found,,,,,
www.googleadservices.com,Targeted Advertising cookies (including social media),Google Advertising Products,ETag,bench_new_T7_170930,,,,,Existing CM Trackers-Not Found,,,,,
www.lighting.CLIENT_X.com.pe,Essential cookies (exempt from consent),Signify (formerly CLIENT_X Lighting),JavaScript,blank (java),,,,,Existing CM Trackers-Not Found,,,,,
www.google.com,Targeted Advertising cookies (including social media),Google Inc.,JavaScript,_ga_failed_lookup_marker_69_184,,,TRUE,https://www.CLIENT_X.com.vn/healthcare/?FormType=MarketingInquiry,Existing CM Trackers-Found,,,,,
CLIENT_X.com.vn,Performance cookies,CLIENT_X - Vietnam,HTTP Cookie,bench_new_T7_170945,,,,,Existing CM Trackers-Not Found,,,,,
tst.CLIENT_X.com.vn,Essential cookies,CLIENT_X - Vietnam,JavaScript,bench_new_T7_170914,,,,,Existing CM Trackers-Not Found,,,,,
CLIENT_X.com.vn,Essential cookies,CLIENT_X - Vietnam,HTTP Cookie,bench_new_T7_170964,,90,TRUE,https://www.CLIENT_X.com.vn/,Existing CM Trackers-Found,,,,,
CLIENT_X.sa,Essential cookies (exempt from consent),CLIENT_X - Kingdom of Saudi Arabia,HTTP Cookie,FPID,,bench_update_duration,TRUE,https://www.CLIENT_X.com.vn/myCLIENT_X/login?resource=%252FmyCLIENT_X%252Fregister-product.html,Existing CM Trackers-Found,,,,,
CLIENT_X.com.vn,Essential cookies,CLIENT_X - Vietnam,HTTP Cookie,bench_new_T7_170941,,,,,Existing CM Trackers-Not Found,,,,,
www.google.com,Targeted Advertising cookies (including social media),Google Inc.,JavaScript,bench_new_T7_170894,,,TRUE,https://www.CLIENT_X.com.vn/healthcare/?FormType=MarketingInquiry,Existing CM Trackers-Found,,,,,
CLIENT_X.com.vn,Essential cookies,CLIENT_X - Vietnam,HTTP Cookie,bench_new_T7_170909,,400,,https://www.CLIENT_X.com.vn/,New First Party Trackers,,,,,
CLIENT_X.com.vn,Essential cookies,CLIENT_X - Vietnam,HTTP Cookie,bench_new_T7_170965,,,,,Existing CM Trackers-Not Found,,,,,
munchkin.marketo.net,Targeted Advertising cookies (including social media),Marketo,ETag,_ga_failed_lookup_marker_69_193,,,,,Existing CM Trackers-Not Found,,,,,
plugins.soclminer.com.br,Targeted Advertising Cookies (including social media) [Requires consent],Social Miner,JavaScript,-,,,,,Existing CM Trackers-Not Found,,,,,
CLIENT_X.com.vn,Essential cookies,CLIENT_X - Vietnam,HTTP Cookie,bench_new_T7_170986,,session,TRUE,https://www.CLIENT_X.com.vn/,Existing CM Trackers-Found,,,,,
code.jquery.com,Performance cookies,jQuery,JavaScript,bench_new_T7_170899,,,,,Existing CM Trackers-Not Found,,,,,
CLIENT_X.com.vn,Performance cookies,CLIENT_X - Vietnam,HTTP Cookie,bench_new_T7_170946,,,,,Existing CM Trackers-Not Found,,,,,
CLIENT_X.com,Essential cookies,Koninklijke CLIENT_X N.V.,HTTP Cookie,bench_new_T7_170901,,,,,Existing CM Trackers-Not Found,,,,,
www.lighting.CLIENT_X.com.vn,Essential cookies,Signify (formerly CLIENT_X Lighting),HTTP Cookie,bench_new_T7_170940,,,,,Existing CM Trackers-Not Found,,,,,
